mean_fit_time,std_fit_time,mean_score_time,std_score_time,param_classifier__init_type,param_classifier__learning_rate,param_classifier__n_epochs,param_classifier__penalty,params,split0_test_accuracy,split1_test_accuracy,split2_test_accuracy,split3_test_accuracy,split4_test_accuracy,mean_test_accuracy,std_test_accuracy,rank_test_accuracy,split0_test_specificity,split1_test_specificity,split2_test_specificity,split3_test_specificity,split4_test_specificity,mean_test_specificity,std_test_specificity,rank_test_specificity,split0_test_sensitivity,split1_test_sensitivity,split2_test_sensitivity,split3_test_sensitivity,split4_test_sensitivity,mean_test_sensitivity,std_test_sensitivity,rank_test_sensitivity,split0_test_f1,split1_test_f1,split2_test_f1,split3_test_f1,split4_test_f1,mean_test_f1,std_test_f1,rank_test_f1,split0_test_roc_auc,split1_test_roc_auc,split2_test_roc_auc,split3_test_roc_auc,split4_test_roc_auc,mean_test_roc_auc,std_test_roc_auc,rank_test_roc_auc,split0_test_balanced_accuracy,split1_test_balanced_accuracy,split2_test_balanced_accuracy,split3_test_balanced_accuracy,split4_test_balanced_accuracy,mean_test_balanced_accuracy,std_test_balanced_accuracy,rank_test_balanced_accuracy
0.9960180759429932,0.11346176859783806,0.02310318946838379,0.0019598961978589528,zero,1.0,50,,"{'classifier__init_type': 'zero', 'classifier__learning_rate': 1.0, 'classifier__n_epochs': 50, 'classifier__penalty': None}",0.7022900763358778,0.5648854961832062,0.6461538461538462,0.7384615384615385,0.7384615384615385,0.6780504991192015,0.06589424680862835,70,0.7647058823529411,0.4470588235294118,0.7411764705882353,0.8705882352941177,0.8928571428571429,0.7432773109243697,0.159242699715284,70,0.5869565217391305,0.782608695652174,0.4666666666666667,0.4888888888888889,0.45652173913043476,0.556328502415459,0.1222207328392574,25,0.5806451612903226,0.5581395348837209,0.4772727272727273,0.5641025641025641,0.5526315789473685,0.5465583132993407,0.035892103929070496,63,0.7726342710997443,0.6941176470588235,0.6933333333333334,0.7877124183006536,0.8030538302277432,0.7501703000040596,0.04708088591993742,64,0.6758312020460358,0.6148337595907929,0.603921568627451,0.6797385620915033,0.6746894409937888,0.6498029066699144,0.033229184896317064,70
1.9032279968261718,0.09278362435968278,0.023726701736450195,0.006749375940526008,zero,1.0,100,,"{'classifier__init_type': 'zero', 'classifier__learning_rate': 1.0, 'classifier__n_epochs': 100, 'classifier__penalty': None}",0.7175572519083969,0.6183206106870229,0.6538461538461539,0.7615384615384615,0.8,0.7102524955960071,0.0668900159466249,62,0.8941176470588236,0.7647058823529411,0.6941176470588235,0.8588235294117647,0.7857142857142857,0.7994957983193276,0.070679412902442,61,0.391304347826087,0.34782608695652173,0.5777777777777777,0.5777777777777777,0.8260869565217391,0.5441545893719806,0.16950219729852742,40,0.4931506849315068,0.3902439024390244,0.5360824742268041,0.6265060240963856,0.7450980392156863,0.5582162249818815,0.12043789911767315,60,0.8051150895140665,0.5687979539641944,0.7226143790849673,0.7623529411764706,0.8827639751552794,0.7483288677789955,0.10429451726035098,65,0.6427109974424553,0.5562659846547314,0.6359477124183006,0.7183006535947711,0.8059006211180124,0.6718251938456541,0.08440965524365421,61
2.8558327198028564,0.17823653669843006,0.02700467109680176,0.005607334906941526,zero,1.0,150,,"{'classifier__init_type': 'zero', 'classifier__learning_rate': 1.0, 'classifier__n_epochs': 150, 'classifier__penalty': None}",0.6335877862595419,0.6793893129770993,0.7538461538461538,0.7846153846153846,0.6384615384615384,0.6979800352319436,0.061091955462723835,67,0.6705882352941176,0.7764705882352941,0.8352941176470589,0.8941176470588236,0.8571428571428571,0.8067226890756303,0.0780309908575669,58,0.5652173913043478,0.5,0.6,0.5777777777777777,0.2391304347826087,0.4964251207729469,0.13288470347926767,70,0.52,0.5227272727272727,0.627906976744186,0.65,0.3188405797101449,0.5278949658363208,0.11722185256185508,67,0.6774936061381075,0.7086956521739131,0.8130718954248366,0.8222222222222223,0.44591097308488614,0.693478869808793,0.13612809054351413,71,0.6179028132992327,0.638235294117647,0.7176470588235294,0.7359477124183007,0.5481366459627329,0.6515739049242886,0.06855002341091251,69
1.0852375507354737,0.09581756540177326,0.027393817901611328,0.00668247342830327,zero,0.5,50,,"{'classifier__init_type': 'zero', 'classifier__learning_rate': 0.5, 'classifier__n_epochs': 50, 'classifier__penalty': None}",0.7480916030534351,0.5725190839694656,0.676923076923077,0.7538461538461538,0.7615384615384615,0.7025836758661186,0.07176314408186156,63,0.8352941176470589,0.5176470588235295,0.8,0.8705882352941177,0.8809523809523809,0.7808963585434174,0.13467004083371825,65,0.5869565217391305,0.6739130434782609,0.4444444444444444,0.5333333333333333,0.5434782608695652,0.5564251207729468,0.07480120604117373,24,0.6206896551724138,0.5254237288135594,0.4878048780487805,0.6,0.6172839506172839,0.5702404425304075,0.053755011096430376,59,0.7936061381074169,0.6961636828644502,0.742483660130719,0.8109803921568628,0.8377329192546584,0.7761933585028216,0.05067850212596204,58,0.7111253196930947,0.5957800511508952,0.6222222222222222,0.7019607843137254,0.7122153209109731,0.6686607396581821,0.049552529175925585,62
2.3429779529571535,0.05976111836060441,0.029584550857543947,0.00830666221582691,zero,0.5,100,,"{'classifier__init_type': 'zero', 'classifier__learning_rate': 0.5, 'classifier__n_epochs': 100, 'classifier__penalty': None}",0.7251908396946565,0.6564885496183206,0.6846153846153846,0.7461538461538462,0.823076923076923,0.7271051086318261,0.05721745022024664,56,0.9176470588235294,0.788235294117647,0.6823529411764706,0.8823529411764706,0.8333333333333334,0.8207843137254901,0.0819185555908801,52,0.3695652173913043,0.41304347826086957,0.6888888888888889,0.4888888888888889,0.8043478260869565,0.5529468599033815,0.16672605537147622,27,0.4857142857142857,0.4578313253012048,0.6019417475728155,0.5714285714285714,0.7628865979381443,0.5759605055910043,0.10745772266367694,57,0.8033248081841432,0.6352941176470588,0.7636601307189542,0.8112418300653594,0.884575569358178,0.7796192911947386,0.08205145623197664,56,0.6436061381074168,0.6006393861892583,0.6856209150326797,0.6856209150326797,0.818840579710145,0.686865586814436,0.07311201644353638,56
3.2159684181213377,0.10932522638755432,0.024863386154174806,0.003966381683660201,zero,0.5,150,,"{'classifier__init_type': 'zero', 'classifier__learning_rate': 0.5, 'classifier__n_epochs': 150, 'classifier__penalty': None}",0.7022900763358778,0.6717557251908397,0.7461538461538462,0.8076923076923077,0.6307692307692307,0.7117322372284204,0.06104992484249502,60,0.788235294117647,0.7058823529411765,0.8705882352941177,0.9176470588235294,0.8809523809523809,0.8326610644257701,0.0762097520516765,49,0.5434782608695652,0.6086956521739131,0.5111111111111111,0.6,0.17391304347826086,0.48743961352657,0.1608554925588049,72,0.5617977528089888,0.5656565656565656,0.5822784810126582,0.6835443037974683,0.25,0.5286554206551363,0.146275316506709,66,0.7578005115089513,0.7099744245524297,0.8018300653594771,0.8355555555555555,0.4950828157349897,0.7200486745422807,0.12013855732572115,68,0.6658567774936062,0.6572890025575449,0.6908496732026144,0.7588235294117647,0.5274327122153208,0.6600503389761702,0.07527750895502848,67
1.101426124572754,0.05283114046377873,0.031125926971435548,0.006182112512301083,zero,0.2,50,,"{'classifier__init_type': 'zero', 'classifier__learning_rate': 0.2, 'classifier__n_epochs': 50, 'classifier__penalty': None}",0.7709923664122137,0.648854961832061,0.7846153846153846,0.7538461538461538,0.8153846153846154,0.7547386964180858,0.0566513683071079,14,0.8588235294117647,0.6588235294117647,0.8823529411764706,0.8941176470588236,0.8690476190476191,0.8326330532212886,0.08772016273575876,50,0.6086956521739131,0.6304347826086957,0.6,0.4888888888888889,0.717391304347826,0.6090821256038648,0.07309700770972226,7,0.6511627906976745,0.5576923076923077,0.6585365853658537,0.5789473684210527,0.7333333333333333,0.6359344771020444,0.06260776574493006,3,0.8222506393861893,0.7084398976982097,0.8311111111111111,0.8358169934640522,0.8817287784679089,0.8158694840254943,0.057531716740698506,48,0.7337595907928389,0.6446291560102302,0.7411764705882353,0.6915032679738562,0.7932194616977226,0.7208575894125767,0.04997601300336451,4
2.074729251861572,0.03962762761181977,0.02782859802246094,0.005380472416196977,zero,0.2,100,,"{'classifier__init_type': 'zero', 'classifier__learning_rate': 0.2, 'classifier__n_epochs': 100, 'classifier__penalty': None}",0.7175572519083969,0.6946564885496184,0.7384615384615385,0.7615384615384615,0.823076923076923,0.7470581327069876,0.04399698199487073,42,0.9176470588235294,0.8470588235294118,0.7294117647058823,0.8705882352941177,0.8452380952380952,0.8419887955182073,0.062051513698050266,45,0.34782608695652173,0.41304347826086957,0.7555555555555555,0.5555555555555556,0.782608695652174,0.5709178743961353,0.17540487366445665,18,0.463768115942029,0.48717948717948717,0.6666666666666666,0.6172839506172839,0.7578947368421053,0.5985585914495144,0.11040935953970905,46,0.8202046035805627,0.6948849104859336,0.7984313725490196,0.8420915032679739,0.8881987577639752,0.808762229529493,0.06422881102481422,50,0.6327365728900256,0.6300511508951406,0.742483660130719,0.7130718954248366,0.8139233954451346,0.7064533349571713,0.0695172760041341,20
2.961842393875122,0.036606849672657434,0.026250457763671874,0.008408686091414442,zero,0.2,150,,"{'classifier__init_type': 'zero', 'classifier__learning_rate': 0.2, 'classifier__n_epochs': 150, 'classifier__penalty': None}",0.7633587786259542,0.6641221374045801,0.7307692307692307,0.7769230769230769,0.7230769230769231,0.731650029359953,0.03921577173816951,54,0.8941176470588236,0.6588235294117647,0.8823529411764706,0.8823529411764706,0.9761904761904762,0.8587675070028011,0.10595086189368726,28,0.5217391304347826,0.6739130434782609,0.4444444444444444,0.5777777777777777,0.2608695652173913,0.49574879227053137,0.13924592630062235,71,0.6075949367088608,0.5849056603773585,0.5333333333333333,0.6419753086419753,0.4,0.5535618478123057,0.08450962458708644,62,0.8286445012787724,0.708695652173913,0.8033986928104575,0.8543790849673203,0.738871635610766,0.7867979133682458,0.05475550904868083,55,0.7079283887468031,0.6663682864450128,0.6633986928104575,0.7300653594771241,0.6185300207039337,0.6772581496366662,0.038701244863692044,60
0.99451904296875,0.07664124644255095,0.02295656204223633,0.004599749258452982,zero,0.1,50,,"{'classifier__init_type': 'zero', 'classifier__learning_rate': 0.1, 'classifier__n_epochs': 50, 'classifier__penalty': None}",0.7633587786259542,0.6412213740458015,0.7692307692307693,0.7538461538461538,0.8076923076923077,0.7470698766881974,0.05600238578708612,40,0.8588235294117647,0.6941176470588235,0.8823529411764706,0.9058823529411765,0.8690476190476191,0.8420448179271709,0.07562155775318581,43,0.5869565217391305,0.5434782608695652,0.5555555555555556,0.4666666666666667,0.6956521739130435,0.5696618357487923,0.07438446486041102,19,0.6352941176470588,0.5154639175257731,0.625,0.5675675675675675,0.7191011235955056,0.612485345267181,0.06851940610303961,15,0.8296675191815857,0.7199488491048593,0.8394771241830066,0.8569934640522876,0.894927536231884,0.8282028985507246,0.058530789221075054,20,0.7228900255754476,0.6187979539641943,0.7189542483660131,0.6862745098039216,0.7823498964803313,0.7058533268379816,0.05343327884090401,22
1.9159712314605712,0.14352494427530935,0.02275705337524414,0.007088165010515046,zero,0.1,100,,"{'classifier__init_type': 'zero', 'classifier__learning_rate': 0.1, 'classifier__n_epochs': 100, 'classifier__penalty': None}",0.7404580152671756,0.7022900763358778,0.7384615384615385,0.7846153846153846,0.823076923076923,0.75778038755138,0.04180002815684595,5,0.9176470588235294,0.8470588235294118,0.7411764705882353,0.8941176470588236,0.8452380952380952,0.849047619047619,0.060649555664843056,39,0.41304347826086957,0.43478260869565216,0.7333333333333333,0.5777777777777777,0.782608695652174,0.5883091787439613,0.15045510397993456,11,0.5277777777777778,0.5063291139240507,0.66,0.65,0.7578947368421053,0.6204003257087868,0.09267164157204111,8,0.8324808184143222,0.7104859335038364,0.8196078431372549,0.8486274509803922,0.890527950310559,0.8203459992692729,0.059903888893784146,44,0.6653452685421994,0.640920716112532,0.7372549019607844,0.7359477124183007,0.8139233954451346,0.7186783988957902,0.061000991874693385,6
2.766520118713379,0.12164631040902064,0.022955894470214844,0.00994709284833645,zero,0.1,150,,"{'classifier__init_type': 'zero', 'classifier__learning_rate': 0.1, 'classifier__n_epochs': 150, 'classifier__penalty': None}",0.7480916030534351,0.6641221374045801,0.7692307692307693,0.7692307692307693,0.7846153846153846,0.7470581327069876,0.0430656386682009,42,0.8941176470588236,0.6705882352941176,0.8705882352941177,0.9058823529411765,0.9285714285714286,0.8539495798319328,0.09357043804873957,35,0.4782608695652174,0.6521739130434783,0.5777777777777777,0.5111111111111111,0.5217391304347826,0.5482125603864735,0.0610780877339184,32,0.5714285714285714,0.5769230769230769,0.6341463414634146,0.6052631578947368,0.631578947368421,0.6038680190156441,0.026324765666733276,36,0.8312020460358056,0.7117647058823529,0.8219607843137254,0.8567320261437908,0.8656832298136645,0.8174685584378679,0.05522384929026699,45,0.6861892583120205,0.661381074168798,0.7241830065359477,0.7084967320261437,0.7251552795031055,0.7010810701092031,0.024356168838896082,43
0.9749732971191406,0.07529720709532836,0.023662424087524413,0.006045524710159381,zero,0.05,50,,"{'classifier__init_type': 'zero', 'classifier__learning_rate': 0.05, 'classifier__n_epochs': 50, 'classifier__penalty': None}",0.7633587786259542,0.6870229007633588,0.7769230769230769,0.7615384615384615,0.8153846153846154,0.7608455666470932,0.041688311335027324,2,0.8588235294117647,0.7647058823529411,0.8823529411764706,0.9058823529411765,0.8690476190476191,0.8561624649859944,0.04836408433403069,34,0.5869565217391305,0.5434782608695652,0.5777777777777777,0.4888888888888889,0.717391304347826,0.5828985507246377,0.07552849262656469,13,0.6352941176470588,0.5494505494505495,0.6419753086419753,0.5866666666666667,0.7333333333333333,0.6293439951479167,0.06198879499760517,5,0.831457800511509,0.7212276214833759,0.834248366013072,0.8627450980392157,0.8967391304347827,0.8292836032963911,0.05894979385863907,2,0.7228900255754476,0.6540920716112532,0.7300653594771241,0.6973856209150326,0.7932194616977226,0.719530507855316,0.04544208695044701,5
1.846975564956665,0.15174770879495547,0.021140289306640626,0.007452788313352498,zero,0.05,100,,"{'classifier__init_type': 'zero', 'classifier__learning_rate': 0.05, 'classifier__n_epochs': 100, 'classifier__penalty': None}",0.7251908396946565,0.7175572519083969,0.7692307692307693,0.7692307692307693,0.8076923076923077,0.75778038755138,0.03296483436579417,5,0.8705882352941177,0.8705882352941177,0.8235294117647058,0.9058823529411765,0.8452380952380952,0.8631652661064425,0.027667073771943558,26,0.45652173913043476,0.43478260869565216,0.6666666666666666,0.5111111111111111,0.7391304347826086,0.5616425120772947,0.12019090666769261,20,0.5384615384615384,0.5194805194805194,0.6666666666666666,0.6052631578947368,0.7311827956989247,0.6122109356404772,0.0790011460782988,16,0.8352941176470587,0.7168797953964194,0.829281045751634,0.8564705882352942,0.8915631469979297,0.8258977388056673,0.05870484757105946,37,0.6635549872122762,0.6526854219948849,0.7450980392156863,0.7084967320261437,0.7921842650103519,0.7124038890918687,0.05177179200608194,10
2.8308462142944335,0.08523778814346203,0.024927711486816405,0.005093066462119368,zero,0.05,150,,"{'classifier__init_type': 'zero', 'classifier__learning_rate': 0.05, 'classifier__n_epochs': 150, 'classifier__penalty': None}",0.7480916030534351,0.648854961832061,0.7846153846153846,0.7538461538461538,0.7923076923076923,0.7455431591309454,0.051259344810718685,45,0.8941176470588236,0.6823529411764706,0.8705882352941177,0.9058823529411765,0.8928571428571429,0.8491596638655462,0.08418054381712942,38,0.4782608695652174,0.5869565217391305,0.6222222222222222,0.4666666666666667,0.6086956521739131,0.55256038647343,0.06646078972056899,29,0.5714285714285714,0.54,0.6666666666666666,0.5675675675675675,0.6746987951807228,0.6040723201687057,0.05551508748477359,35,0.8335038363171356,0.7153452685421995,0.8282352941176471,0.8619607843137255,0.8923395445134575,0.826276945560833,0.059999172283886834,33,0.6861892583120205,0.6346547314578006,0.74640522875817,0.6862745098039216,0.7507763975155279,0.7008600251694881,0.04330616439316491,45
0.9911911964416504,0.06579155177559731,0.020594024658203126,0.0050504909706881145,zero,0.01,50,,"{'classifier__init_type': 'zero', 'classifier__learning_rate': 0.01, 'classifier__n_epochs': 50, 'classifier__penalty': None}",0.7404580152671756,0.7022900763358778,0.7769230769230769,0.7538461538461538,0.8076923076923077,0.7562419260129184,0.03532853074839709,12,0.8705882352941177,0.8,0.8823529411764706,0.9058823529411765,0.8928571428571429,0.8703361344537814,0.037046912089410314,6,0.5,0.5217391304347826,0.5777777777777777,0.4666666666666667,0.6521739130434783,0.543671497584541,0.06519813635956505,41,0.575,0.5517241379310345,0.6419753086419753,0.5675675675675675,0.7058823529411765,0.6084298734163507,0.05766299836612133,22,0.8355498721227621,0.7217391304347825,0.8305882352941176,0.8627450980392157,0.8936335403726707,0.8288511752527098,0.0580800015406603,5,0.6852941176470588,0.6608695652173913,0.7300653594771241,0.6862745098039216,0.7725155279503106,0.7070038160191613,0.039630804744357304,15
2.006549596786499,0.08706142684445098,0.02411179542541504,0.003783138654333475,zero,0.01,100,,"{'classifier__init_type': 'zero', 'classifier__learning_rate': 0.01, 'classifier__n_epochs': 100, 'classifier__penalty': None}",0.732824427480916,0.6870229007633588,0.7769230769230769,0.7615384615384615,0.8,0.7516617733411627,0.03900075904931479,28,0.8588235294117647,0.8,0.8823529411764706,0.9176470588235294,0.8809523809523809,0.8679551820728291,0.03885048033628818,20,0.5,0.4782608695652174,0.5777777777777777,0.4666666666666667,0.6521739130434783,0.5349758454106281,0.07024732680927341,58,0.5679012345679012,0.5176470588235295,0.6419753086419753,0.5753424657534246,0.6976744186046512,0.6001080972782964,0.0628052415297306,42,0.8368286445012788,0.7222506393861893,0.8287581699346405,0.8622222222222222,0.8907867494824016,0.8281692851053466,0.05722698694281936,22,0.6794117647058824,0.6391304347826088,0.7300653594771241,0.692156862745098,0.7665631469979296,0.7014655137417285,0.04362186133213514,42
3.1178274631500242,0.09436394254478989,0.032692480087280276,0.006479195486207329,zero,0.01,150,,"{'classifier__init_type': 'zero', 'classifier__learning_rate': 0.01, 'classifier__n_epochs': 150, 'classifier__penalty': None}",0.7404580152671756,0.6946564885496184,0.7769230769230769,0.7538461538461538,0.8076923076923077,0.7547152084556664,0.03771162981276769,17,0.8705882352941177,0.788235294117647,0.8823529411764706,0.9058823529411765,0.8928571428571429,0.8679831932773109,0.041540493473000165,18,0.5,0.5217391304347826,0.5777777777777777,0.4666666666666667,0.6521739130434783,0.543671497584541,0.06519813635956505,41,0.575,0.5454545454545454,0.6419753086419753,0.5675675675675675,0.7058823529411765,0.6071759549210529,0.0589365707177786,24,0.8368286445012787,0.721227621483376,0.8300653594771241,0.8619607843137255,0.8915631469979296,0.8283291113546868,0.05775052977014461,15,0.6852941176470588,0.6549872122762148,0.7300653594771241,0.6862745098039216,0.7725155279503106,0.7058273454309261,0.04104495334657368,23
1.1286895275115967,0.025970291026645467,0.02831864356994629,0.005282487726954208,zero,0.005,50,,"{'classifier__init_type': 'zero', 'classifier__learning_rate': 0.005, 'classifier__n_epochs': 50, 'classifier__penalty': None}",0.7480916030534351,0.7022900763358778,0.7769230769230769,0.7615384615384615,0.8076923076923077,0.7593071051086318,0.03473660403658021,4,0.8705882352941177,0.8,0.8823529411764706,0.9176470588235294,0.8928571428571429,0.872689075630252,0.03952082168141044,4,0.5217391304347826,0.5217391304347826,0.5777777777777777,0.4666666666666667,0.6521739130434783,0.5480193236714976,0.06282244183873359,35,0.5925925925925926,0.5517241379310345,0.6419753086419753,0.5753424657534246,0.7058823529411765,0.6135033715720407,0.05487206305399517,14,0.8363171355498721,0.7212276214833759,0.8290196078431373,0.862483660130719,0.8920807453416149,0.8282257540697439,0.057906416005575376,18,0.6961636828644502,0.6608695652173913,0.7300653594771241,0.692156862745098,0.7725155279503106,0.7103541996508748,0.03803630749636415,11
2.0247036933898928,0.07897409902631868,0.02510204315185547,0.005632776694858497,zero,0.005,100,,"{'classifier__init_type': 'zero', 'classifier__learning_rate': 0.005, 'classifier__n_epochs': 100, 'classifier__penalty': None}",0.732824427480916,0.6946564885496184,0.7769230769230769,0.7615384615384615,0.8076923076923077,0.7547269524368762,0.03855534901115219,16,0.8588235294117647,0.8,0.8823529411764706,0.9176470588235294,0.8928571428571429,0.8703361344537814,0.03992401511067903,6,0.5,0.5,0.5777777777777777,0.4666666666666667,0.6521739130434783,0.5393236714975845,0.06720957958189422,50,0.5679012345679012,0.5348837209302325,0.6419753086419753,0.5753424657534246,0.7058823529411765,0.605197016566942,0.061182364830466275,29,0.8370843989769821,0.7227621483375958,0.8300653594771241,0.8630065359477124,0.8907867494824017,0.8287410384443632,0.05714312770019708,7,0.6794117647058824,0.65,0.7300653594771241,0.692156862745098,0.7725155279503106,0.704829902975683,0.04249983071767134,27
2.9630666732788087,0.11840916441100227,0.02151970863342285,0.006800021431047782,zero,0.005,150,,"{'classifier__init_type': 'zero', 'classifier__learning_rate': 0.005, 'classifier__n_epochs': 150, 'classifier__penalty': None}",0.7404580152671756,0.7022900763358778,0.7769230769230769,0.7615384615384615,0.8076923076923077,0.75778038755138,0.0353581805781176,5,0.8705882352941177,0.8,0.8823529411764706,0.9176470588235294,0.8928571428571429,0.872689075630252,0.03952082168141044,4,0.5,0.5217391304347826,0.5777777777777777,0.4666666666666667,0.6521739130434783,0.543671497584541,0.06519813635956505,41,0.575,0.5517241379310345,0.6419753086419753,0.5753424657534246,0.7058823529411765,0.6099848530535221,0.05663579363100622,18,0.8370843989769821,0.7222506393861893,0.829281045751634,0.862483660130719,0.8913043478260869,0.8284808184143223,0.05738031368192393,11,0.6852941176470588,0.6608695652173913,0.7300653594771241,0.692156862745098,0.7725155279503106,0.7081802866073966,0.039081481275813984,12
1.0879977226257325,0.07933577847629548,0.024815893173217772,0.006469868548273049,zero,0.001,50,,"{'classifier__init_type': 'zero', 'classifier__learning_rate': 0.001, 'classifier__n_epochs': 50, 'classifier__penalty': None}",0.732824427480916,0.7022900763358778,0.7615384615384615,0.7769230769230769,0.7846153846153846,0.7516382853787433,0.03037772285815754,30,0.8588235294117647,0.8,0.8588235294117647,0.9058823529411765,0.8690476190476191,0.8585154061624649,0.03399646391502284,30,0.5,0.5217391304347826,0.5777777777777777,0.5333333333333333,0.6304347826086957,0.552657004830918,0.04643816392705926,28,0.5679012345679012,0.5517241379310345,0.6265060240963856,0.6233766233766234,0.6744186046511628,0.6087853249246215,0.04418629761074702,19,0.831457800511509,0.7115089514066496,0.8264052287581699,0.8734640522875817,0.8879399585921326,0.8261551983112085,0.062011976749897564,34,0.6794117647058824,0.6608695652173913,0.7183006535947711,0.7196078431372549,0.7497412008281574,0.7055862054966915,0.03159938731641394,25
1.9409977436065673,0.08330498577530002,0.029808568954467773,0.005371744331279355,zero,0.001,100,,"{'classifier__init_type': 'zero', 'classifier__learning_rate': 0.001, 'classifier__n_epochs': 100, 'classifier__penalty': None}",0.7404580152671756,0.6946564885496184,0.7769230769230769,0.7615384615384615,0.7769230769230769,0.7500998238402818,0.030779032294699995,31,0.8705882352941177,0.8,0.8823529411764706,0.9176470588235294,0.8690476190476191,0.8679271708683473,0.03821676940149904,21,0.5,0.5,0.5777777777777777,0.4666666666666667,0.6086956521739131,0.5306280193236714,0.053450651614768564,63,0.575,0.5348837209302325,0.6419753086419753,0.5753424657534246,0.6588235294117647,0.5972050049474793,0.04616535054852424,48,0.8373401534526854,0.7199488491048593,0.8274509803921568,0.8664052287581698,0.889751552795031,0.8281793529005806,0.05839631175008246,21,0.6852941176470588,0.65,0.7300653594771241,0.692156862745098,0.7388716356107661,0.6992775950960095,0.03221831258491389,47
2.755449104309082,0.09842131370016557,0.026824951171875,0.005570932331564325,zero,0.001,150,,"{'classifier__init_type': 'zero', 'classifier__learning_rate': 0.001, 'classifier__n_epochs': 150, 'classifier__penalty': None}",0.7480916030534351,0.6946564885496184,0.7769230769230769,0.7615384615384615,0.7846153846153846,0.7531650029359953,0.03185175988353348,24,0.8705882352941177,0.8,0.8823529411764706,0.9176470588235294,0.8809523809523809,0.8703081232492996,0.03858150681309824,12,0.5217391304347826,0.5,0.5777777777777777,0.4666666666666667,0.6086956521739131,0.534975845410628,0.05163580077774049,59,0.5925925925925926,0.5348837209302325,0.6419753086419753,0.5753424657534246,0.6666666666666666,0.6022921509169783,0.047080982743385236,38,0.8370843989769821,0.7212276214833759,0.8284967320261438,0.8619607843137255,0.8907867494824016,0.8279112572565257,0.057582263357691434,29,0.6961636828644502,0.65,0.7300653594771241,0.692156862745098,0.744824016563147,0.7026419843299638,0.03302862402979223,38
0.9435636043548584,0.07938119271493885,0.025026607513427734,0.0070314137149013805,normal,1.0,50,,"{'classifier__init_type': 'normal', 'classifier__learning_rate': 1.0, 'classifier__n_epochs': 50, 'classifier__penalty': None}",0.6870229007633588,0.6030534351145038,0.676923076923077,0.6230769230769231,0.7384615384615385,0.6657075748678802,0.04819996581601567,72,0.5882352941176471,0.611764705882353,0.5764705882352941,0.9411764705882353,0.8333333333333334,0.7101960784313726,0.14897006400361987,72,0.8695652173913043,0.5869565217391305,0.8666666666666667,0.022222222222222223,0.5652173913043478,0.5821256038647343,0.3089939061013903,14,0.6611570247933884,0.5094339622641509,0.65,0.0392156862745098,0.6046511627906976,0.4928915672245494,0.23305878522405404,71,0.8161125319693094,0.7005115089514067,0.8054901960784314,0.362875816993464,0.7523291925465839,0.6874638493078391,0.16746094886863394,72,0.7289002557544757,0.5993606138107417,0.7215686274509804,0.48169934640522877,0.6992753623188406,0.6461608411480535,0.09443637207727915,72
1.8332784175872803,0.045143528893323515,0.022539234161376952,0.004686537755279356,normal,1.0,100,,"{'classifier__init_type': 'normal', 'classifier__learning_rate': 1.0, 'classifier__n_epochs': 100, 'classifier__penalty': None}",0.7022900763358778,0.648854961832061,0.6692307692307692,0.6846153846153846,0.7615384615384615,0.6933059307105107,0.0383859890109532,69,0.8235294117647058,0.6823529411764706,0.6705882352941176,0.6235294117647059,0.8333333333333334,0.7266666666666667,0.08544701193891296,71,0.4782608695652174,0.5869565217391305,0.6666666666666666,0.8,0.6304347826086957,0.6324637681159421,0.10496836422428762,4,0.5301204819277109,0.54,0.5825242718446602,0.6371681415929203,0.651685393258427,0.5882996577247436,0.04930904318587736,53,0.760613810741688,0.705626598465473,0.7513725490196078,0.8049673202614378,0.8374741200828157,0.7720108797142045,0.045462664869178986,59,0.6508951406649617,0.6346547314578006,0.6686274509803921,0.711764705882353,0.7318840579710145,0.6795652173913045,0.03669503486584471,59
2.818675327301025,0.15407286807195295,0.031352996826171875,0.0010470546520939756,normal,1.0,150,,"{'classifier__init_type': 'normal', 'classifier__learning_rate': 1.0, 'classifier__n_epochs': 150, 'classifier__penalty': None}",0.5801526717557252,0.648854961832061,0.676923076923077,0.7923076923076923,0.7692307692307693,0.6934938344098649,0.07824793915396552,68,0.8470588235294118,0.7411764705882353,0.6588235294117647,0.8588235294117647,0.7380952380952381,0.768795518207283,0.07487235146749682,67,0.08695652173913043,0.4782608695652174,0.7111111111111111,0.6666666666666666,0.8260869565217391,0.5538164251207729,0.25894974372953355,26,0.12698412698412698,0.4888888888888889,0.6037735849056604,0.6896551724137931,0.7169811320754716,0.5252565810535882,0.2144265267654943,68,0.5204603580562659,0.6867007672634272,0.7380392156862745,0.8376470588235294,0.8592132505175984,0.7284121300694191,0.12175192878836251,67,0.4670076726342711,0.6097186700767263,0.6849673202614379,0.7627450980392156,0.7820910973084887,0.6613059716640279,0.11476225951511554,66
0.9781465530395508,0.06409315316024305,0.02479262351989746,0.006345768711146882,normal,0.5,50,,"{'classifier__init_type': 'normal', 'classifier__learning_rate': 0.5, 'classifier__n_epochs': 50, 'classifier__penalty': None}",0.7022900763358778,0.6183206106870229,0.6692307692307692,0.6230769230769231,0.7769230769230769,0.6779682912507339,0.058362404379634664,71,0.6470588235294118,0.6470588235294118,0.6,0.9411764705882353,0.9047619047619048,0.7480112044817926,0.14434242977055545,69,0.8043478260869565,0.5652173913043478,0.8,0.022222222222222223,0.5434782608695652,0.5470531400966184,0.2849466200937131,37,0.6548672566371682,0.5098039215686274,0.6260869565217392,0.0392156862745098,0.6329113924050633,0.4925770426814216,0.2322455705459709,72,0.8127877237851663,0.7130434782608696,0.8146405228758169,0.3741176470588235,0.7776915113871636,0.698456176673568,0.16628710977992525,70,0.7257033248081841,0.6061381074168798,0.7,0.48169934640522877,0.724120082815735,0.6475321722892055,0.09374785844697933,71
1.9078835010528565,0.08749412144583008,0.021211862564086914,0.0016030249926577687,normal,0.5,100,,"{'classifier__init_type': 'normal', 'classifier__learning_rate': 0.5, 'classifier__n_epochs': 100, 'classifier__penalty': None}",0.7251908396946565,0.6564885496183206,0.6923076923076923,0.7230769230769231,0.8,0.7194128009395184,0.047403072671681847,58,0.8588235294117647,0.7058823529411765,0.6705882352941176,0.6941176470588235,0.8333333333333334,0.7525490196078433,0.07762725039472076,68,0.4782608695652174,0.5652173913043478,0.7333333333333333,0.7777777777777778,0.7391304347826086,0.658743961352657,0.11620324840714223,2,0.55,0.5360824742268041,0.6226415094339622,0.660377358490566,0.723404255319149,0.6185011194940964,0.06965725602823189,10,0.79769820971867,0.7053708439897699,0.7790849673202613,0.834248366013072,0.863095238095238,0.7958995250274022,0.053790899169948524,53,0.668542199488491,0.6355498721227621,0.7019607843137254,0.7359477124183007,0.786231884057971,0.70564649048025,0.05237560205690734,24
3.040479326248169,0.0931440874947568,0.02632174491882324,0.005817774133359148,normal,0.5,150,,"{'classifier__init_type': 'normal', 'classifier__learning_rate': 0.5, 'classifier__n_epochs': 150, 'classifier__penalty': None}",0.6106870229007634,0.6335877862595419,0.6615384615384615,0.7846153846153846,0.8153846153846154,0.7011626541397533,0.0828653050569261,64,0.8705882352941177,0.6941176470588235,0.6823529411764706,0.8705882352941177,0.8214285714285714,0.7878151260504203,0.0833476201768184,64,0.13043478260869565,0.5217391304347826,0.6222222222222222,0.6222222222222222,0.8043478260869565,0.5401932367149758,0.2242666719613706,48,0.19047619047619047,0.5,0.56,0.6666666666666666,0.7551020408163265,0.5344489795918367,0.19304204552064302,65,0.6104859335038363,0.7148337595907928,0.7628758169934642,0.8598692810457517,0.8837991718426501,0.766372792595299,0.09949850400333597,60,0.5005115089514066,0.607928388746803,0.6522875816993464,0.74640522875817,0.812888198757764,0.664004181382698,0.10859835210989445,65
1.1049487590789795,0.09963095340125527,0.028809547424316406,0.005222110275144335,normal,0.2,50,,"{'classifier__init_type': 'normal', 'classifier__learning_rate': 0.2, 'classifier__n_epochs': 50, 'classifier__penalty': None}",0.7557251908396947,0.6412213740458015,0.7230769230769231,0.6461538461538462,0.7923076923076923,0.7116970052847915,0.05971396289297043,61,0.7647058823529411,0.6823529411764706,0.7294117647058823,0.9529411764705882,0.9285714285714286,0.8115966386554622,0.10892053040343487,55,0.7391304347826086,0.5652173913043478,0.7111111111111111,0.06666666666666667,0.5434782608695652,0.52512077294686,0.24187494495346684,67,0.68,0.5252525252525253,0.64,0.11538461538461539,0.6493506493506493,0.521997557997558,0.20997754060215615,69,0.832225063938619,0.713299232736573,0.8201307189542484,0.5921568627450979,0.8460144927536232,0.7607652742256322,0.09651943674712786,61,0.7519181585677749,0.6237851662404093,0.7202614379084967,0.5098039215686274,0.7360248447204969,0.6683587058011611,0.09097384474134518,63
2.087735319137573,0.05803417092576488,0.024935436248779298,0.005868489302850115,normal,0.2,100,,"{'classifier__init_type': 'normal', 'classifier__learning_rate': 0.2, 'classifier__n_epochs': 100, 'classifier__penalty': None}",0.7557251908396947,0.648854961832061,0.7615384615384615,0.7923076923076923,0.7769230769230769,0.7470698766881972,0.050730853407203284,41,0.8588235294117647,0.6941176470588235,0.7764705882352941,0.8117647058823529,0.8214285714285714,0.7925210084033611,0.05575451353256413,63,0.5652173913043478,0.5652173913043478,0.7333333333333333,0.7555555555555555,0.6956521739130435,0.6629951690821255,0.08210036554509142,1,0.6190476190476191,0.5306122448979592,0.6804123711340206,0.7157894736842105,0.6881720430107527,0.6468067503549125,0.06613739301136766,2,0.818158567774936,0.7074168797953965,0.8149019607843138,0.8760784313725489,0.8892339544513457,0.8211579588357081,0.06424292397196613,42,0.7120204603580562,0.6296675191815857,0.7549019607843137,0.7836601307189542,0.7585403726708074,0.7277580887427434,0.05418267227509909,2
3.110719108581543,0.1326940065416804,0.02367568016052246,0.00475455154662699,normal,0.2,150,,"{'classifier__init_type': 'normal', 'classifier__learning_rate': 0.2, 'classifier__n_epochs': 150, 'classifier__penalty': None}",0.6946564885496184,0.6870229007633588,0.7153846153846154,0.7923076923076923,0.8,0.737874339401057,0.04854281974420079,51,0.9529411764705882,0.7647058823529411,0.7764705882352941,0.8941176470588236,0.8214285714285714,0.8419327731092437,0.07171588286688971,46,0.21739130434782608,0.5434782608695652,0.6,0.6,0.7608695652173914,0.5443478260869565,0.17887275683567977,38,0.3333333333333333,0.5494505494505495,0.5934065934065934,0.6666666666666666,0.7291666666666666,0.5744047619047619,0.13532385024742016,58,0.7411764705882352,0.7278772378516625,0.7929411764705883,0.88,0.8920807453416149,0.8068151260504202,0.0683496325801881,51,0.5851662404092072,0.6540920716112532,0.6882352941176471,0.7470588235294118,0.7911490683229814,0.6931402995981001,0.07172188873043055,53
1.1111859321594237,0.05885199043163287,0.022481203079223633,0.005570219494907361,normal,0.1,50,,"{'classifier__init_type': 'normal', 'classifier__learning_rate': 0.1, 'classifier__n_epochs': 50, 'classifier__penalty': None}",0.7557251908396947,0.6717557251908397,0.7692307692307693,0.7153846153846154,0.7692307692307693,0.7362654139753377,0.03781433565912082,52,0.8117647058823529,0.7294117647058823,0.8235294117647058,0.9411764705882353,0.9047619047619048,0.8421288515406162,0.07443976405237449,42,0.6521739130434783,0.5652173913043478,0.6666666666666666,0.28888888888888886,0.5217391304347826,0.5389371980676328,0.1361234364664104,57,0.6521739130434783,0.5473684210526316,0.6666666666666666,0.4126984126984127,0.6153846153846154,0.5788584057691609,0.09275815943875276,55,0.8391304347826087,0.7115089514066496,0.8222222222222223,0.7539869281045751,0.8788819875776398,0.801146104818739,0.060313658048729395,52,0.7319693094629156,0.647314578005115,0.7450980392156863,0.6150326797385621,0.7132505175983437,0.6905330248041246,0.05055398542479418,54
1.9253350734710692,0.13074006411260988,0.020954132080078125,0.007543017114992756,normal,0.1,100,,"{'classifier__init_type': 'normal', 'classifier__learning_rate': 0.1, 'classifier__n_epochs': 100, 'classifier__penalty': None}",0.7480916030534351,0.648854961832061,0.7846153846153846,0.8,0.7846153846153846,0.753235466823253,0.054914604981224524,23,0.8588235294117647,0.6941176470588235,0.8235294117647058,0.8470588235294118,0.8333333333333334,0.8113725490196078,0.05983959077713718,56,0.5434782608695652,0.5652173913043478,0.7111111111111111,0.7111111111111111,0.6956521739130435,0.6453140096618358,0.07480432594819841,3,0.6024096385542169,0.5306122448979592,0.6956521739130435,0.7111111111111111,0.6956521739130435,0.6470874684778749,0.06982646237454161,1,0.8304347826086957,0.7097186700767264,0.8206535947712419,0.8760784313725491,0.8892339544513458,0.8252238866561117,0.06336082316235936,39,0.7011508951406649,0.6296675191815857,0.7673202614379084,0.7790849673202614,0.7644927536231885,0.7283432793407217,0.05635075851269961,1
2.80405855178833,0.12530098369593717,0.02839770317077637,0.0026254007282669922,normal,0.1,150,,"{'classifier__init_type': 'normal', 'classifier__learning_rate': 0.1, 'classifier__n_epochs': 150, 'classifier__penalty': None}",0.7099236641221374,0.6870229007633588,0.7384615384615385,0.7846153846153846,0.823076923076923,0.7486200822078685,0.04946575480719544,37,0.9294117647058824,0.7764705882352941,0.8,0.8941176470588236,0.8571428571428571,0.8514285714285714,0.056920973070922844,37,0.30434782608695654,0.5217391304347826,0.6222222222222222,0.5777777777777777,0.7608695652173914,0.5573913043478262,0.14921403302165298,22,0.42424242424242425,0.5393258426966292,0.6222222222222222,0.65,0.7526881720430108,0.5976957322408574,0.1103204746123356,47,0.8020460358056265,0.7258312020460358,0.8128104575163398,0.8802614379084968,0.8925983436853002,0.8227094953923599,0.060178152909098524,41,0.6168797953964195,0.6491048593350384,0.7111111111111111,0.7359477124183007,0.8090062111801242,0.7044099378881988,0.06737966294044012,32
0.9783213138580322,0.08988999345059916,0.024600124359130858,0.005637838718808699,normal,0.05,50,,"{'classifier__init_type': 'normal', 'classifier__learning_rate': 0.05, 'classifier__n_epochs': 50, 'classifier__penalty': None}",0.7709923664122137,0.6870229007633588,0.7692307692307693,0.7384615384615385,0.7769230769230769,0.7485261303581914,0.03353727379537204,39,0.8470588235294118,0.7647058823529411,0.8705882352941177,0.9176470588235294,0.8928571428571429,0.8585714285714285,0.05244640079037551,29,0.6304347826086957,0.5434782608695652,0.5777777777777777,0.4,0.5652173913043478,0.5433816425120772,0.0771964351402124,47,0.6590909090909091,0.5494505494505495,0.6341463414634146,0.5142857142857142,0.6419753086419753,0.5997897645865125,0.05713422693942993,44,0.8368286445012788,0.7163682864450128,0.8256209150326798,0.8386928104575163,0.8881987577639752,0.8211418828400927,0.05665386528233611,43,0.7387468030690537,0.6540920716112532,0.7241830065359477,0.6588235294117647,0.7290372670807453,0.7009765355417529,0.03668124028283896,44
1.9097041130065917,0.1268097187559788,0.02685556411743164,0.0047354402398105755,normal,0.05,100,,"{'classifier__init_type': 'normal', 'classifier__learning_rate': 0.05, 'classifier__n_epochs': 100, 'classifier__penalty': None}",0.7404580152671756,0.6412213740458015,0.7692307692307693,0.7692307692307693,0.7923076923076923,0.7424897240164415,0.05323796297604818,48,0.8588235294117647,0.6941176470588235,0.8352941176470589,0.8705882352941177,0.8571428571428571,0.8231932773109243,0.06553673708627938,51,0.5217391304347826,0.5434782608695652,0.6444444444444445,0.5777777777777777,0.6739130434782609,0.5922705314009662,0.05822889501614138,8,0.5853658536585366,0.5154639175257731,0.6590909090909091,0.6341463414634146,0.6966292134831461,0.618139247044356,0.0627857613371844,11,0.8340153452685422,0.7148337595907928,0.8266666666666667,0.8726797385620915,0.8907867494824018,0.8277964519140989,0.06129079525386889,30,0.6902813299232736,0.6187979539641943,0.7398692810457517,0.7241830065359477,0.765527950310559,0.7077319043559452,0.05071016219997692,14
2.9764989852905273,0.11456340878563046,0.028451013565063476,0.0039042006499636866,normal,0.05,150,,"{'classifier__init_type': 'normal', 'classifier__learning_rate': 0.05, 'classifier__n_epochs': 150, 'classifier__penalty': None}",0.7251908396946565,0.6870229007633588,0.7538461538461538,0.7615384615384615,0.8,0.7455196711685261,0.037760221729248755,46,0.9176470588235294,0.8,0.8117647058823529,0.8823529411764706,0.8571428571428571,0.853781512605042,0.04373624653935906,36,0.3695652173913043,0.4782608695652174,0.6444444444444445,0.5333333333333333,0.6956521739130435,0.5442512077294686,0.11657620441370563,39,0.4857142857142857,0.5176470588235295,0.6444444444444445,0.6075949367088608,0.7111111111111111,0.5933023673604463,0.0824592150256982,51,0.8258312020460359,0.7232736572890026,0.8224836601307189,0.874248366013072,0.8923395445134575,0.8276352859984574,0.058788712884878615,31,0.6436061381074168,0.6391304347826088,0.7281045751633988,0.7078431372549019,0.7763975155279503,0.6990163601672552,0.05209317847524558,50
1.0224405765533446,0.09348773313119031,0.024924612045288085,0.004442955316145691,normal,0.01,50,,"{'classifier__init_type': 'normal', 'classifier__learning_rate': 0.01, 'classifier__n_epochs': 50, 'classifier__penalty': None}",0.7480916030534351,0.6946564885496184,0.7769230769230769,0.7615384615384615,0.7846153846153846,0.7531650029359953,0.03185175988353348,24,0.8588235294117647,0.788235294117647,0.8823529411764706,0.9176470588235294,0.8928571428571429,0.8679831932773109,0.04412556951675072,18,0.5434782608695652,0.5217391304347826,0.5777777777777777,0.4666666666666667,0.5869565217391305,0.5393236714975844,0.04325071967073173,56,0.6024096385542169,0.5454545454545454,0.6419753086419753,0.5753424657534246,0.6585365853658537,0.6047437087540032,0.04162919999909243,32,0.8365728900255754,0.7217391304347825,0.8295424836601307,0.8611764705882353,0.8913043478260869,0.8280670645069623,0.057402686811901596,26,0.7011508951406649,0.6549872122762148,0.7300653594771241,0.692156862745098,0.7399068322981367,0.7036534323874477,0.03006238075669533,33
1.8818045616149903,0.10125982847012933,0.025102615356445312,0.005294497366891917,normal,0.01,100,,"{'classifier__init_type': 'normal', 'classifier__learning_rate': 0.01, 'classifier__n_epochs': 100, 'classifier__penalty': None}",0.7404580152671756,0.6946564885496184,0.7769230769230769,0.7538461538461538,0.7846153846153846,0.7500998238402818,0.03191167100228298,31,0.8705882352941177,0.788235294117647,0.8823529411764706,0.8941176470588236,0.8571428571428571,0.8584873949579832,0.03720934009716883,33,0.5,0.5217391304347826,0.5777777777777777,0.4888888888888889,0.6521739130434783,0.5481159420289854,0.06037650159211603,34,0.575,0.5454545454545454,0.6419753086419753,0.5789473684210527,0.6818181818181818,0.604639080867151,0.049783442956733,33,0.8363171355498721,0.721227621483376,0.8298039215686275,0.8650980392156863,0.8936335403726707,0.8292160516380465,0.05856518064250386,3,0.6852941176470588,0.6549872122762148,0.7300653594771241,0.6915032679738562,0.7546583850931676,0.7033016684934844,0.03507582733691841,37
2.947710943222046,0.1693872918731311,0.0327336311340332,0.00201828972738684,normal,0.01,150,,"{'classifier__init_type': 'normal', 'classifier__learning_rate': 0.01, 'classifier__n_epochs': 150, 'classifier__penalty': None}",0.732824427480916,0.6946564885496184,0.7769230769230769,0.7615384615384615,0.7923076923076923,0.7516500293599531,0.034618551560272236,29,0.8705882352941177,0.8,0.8823529411764706,0.9058823529411765,0.8690476190476191,0.8655742296918767,0.035336820016642324,25,0.4782608695652174,0.5,0.5777777777777777,0.4888888888888889,0.6521739130434783,0.5394202898550725,0.06638152280252053,49,0.5569620253164557,0.5348837209302325,0.6419753086419753,0.5866666666666667,0.6896551724137931,0.6020285787938247,0.05665611292535574,41,0.8350383631713555,0.7217391304347825,0.8295424836601307,0.8656209150326797,0.8918219461697723,0.8287525676937442,0.058015571156121354,6,0.6744245524296675,0.65,0.7300653594771241,0.6973856209150326,0.7606107660455487,0.7024972597734745,0.03926155311665243,41
1.120054578781128,0.07028088865205367,0.028314590454101562,0.004906269907371156,normal,0.005,50,,"{'classifier__init_type': 'normal', 'classifier__learning_rate': 0.005, 'classifier__n_epochs': 50, 'classifier__penalty': None}",0.7404580152671756,0.7022900763358778,0.7769230769230769,0.7615384615384615,0.7923076923076923,0.7547034644744568,0.03131965003779024,21,0.8588235294117647,0.8,0.8823529411764706,0.9176470588235294,0.8928571428571429,0.8703361344537814,0.03992401511067903,6,0.5217391304347826,0.5217391304347826,0.5777777777777777,0.4666666666666667,0.6086956521739131,0.5393236714975845,0.049373398733617783,50,0.5853658536585366,0.5517241379310345,0.6419753086419753,0.5753424657534246,0.6746987951807228,0.6058213122331387,0.04544251148259392,25,0.8368286445012787,0.7212276214833759,0.8287581699346405,0.8627450980392157,0.8915631469979296,0.8282245361912881,0.057837883797743024,19,0.6902813299232736,0.6608695652173913,0.7300653594771241,0.692156862745098,0.7507763975155279,0.704829902975683,0.03178895043157775,27
2.167671871185303,0.07749054781473438,0.02785458564758301,0.005129017758768401,normal,0.005,100,,"{'classifier__init_type': 'normal', 'classifier__learning_rate': 0.005, 'classifier__n_epochs': 100, 'classifier__penalty': None}",0.7404580152671756,0.7022900763358778,0.7769230769230769,0.7615384615384615,0.8,0.7562419260129184,0.033257980253180025,12,0.8705882352941177,0.8,0.8823529411764706,0.9176470588235294,0.8809523809523809,0.8703081232492996,0.03858150681309824,12,0.5,0.5217391304347826,0.5777777777777777,0.4666666666666667,0.6521739130434783,0.543671497584541,0.06519813635956505,41,0.575,0.5517241379310345,0.6419753086419753,0.5753424657534246,0.6976744186046512,0.608343266186217,0.05388454506757604,23,0.8370843989769821,0.7219948849104859,0.8298039215686275,0.8632679738562091,0.8913043478260869,0.8286911054276782,0.057570386767829676,8,0.6852941176470588,0.6608695652173913,0.7300653594771241,0.692156862745098,0.7665631469979296,0.7069898104169204,0.037146358729996706,18
3.1436697006225587,0.08749450289672261,0.024671602249145507,0.005005598108891675,normal,0.005,150,,"{'classifier__init_type': 'normal', 'classifier__learning_rate': 0.005, 'classifier__n_epochs': 150, 'classifier__penalty': None}",0.7404580152671756,0.6946564885496184,0.7769230769230769,0.7615384615384615,0.8,0.7547152084556664,0.035779256403895565,17,0.8705882352941177,0.8,0.8823529411764706,0.9176470588235294,0.8809523809523809,0.8703081232492996,0.03858150681309824,12,0.5,0.5,0.5777777777777777,0.4666666666666667,0.6521739130434783,0.5393236714975845,0.06720957958189422,50,0.575,0.5348837209302325,0.6419753086419753,0.5753424657534246,0.6976744186046512,0.6049751827860567,0.05770889040968509,30,0.8365728900255754,0.7207161125319693,0.8298039215686275,0.8637908496732026,0.8913043478260869,0.8284376243250924,0.05809311299187858,13,0.6852941176470588,0.65,0.7300653594771241,0.692156862745098,0.7665631469979296,0.7048158973734421,0.039990978530105574,30
1.1259878158569336,0.04968054416811353,0.02197556495666504,0.0031258797933606582,normal,0.001,50,,"{'classifier__init_type': 'normal', 'classifier__learning_rate': 0.001, 'classifier__n_epochs': 50, 'classifier__penalty': None}",0.732824427480916,0.7022900763358778,0.7615384615384615,0.7769230769230769,0.7769230769230769,0.7500998238402818,0.0288236969179376,31,0.8588235294117647,0.8,0.8588235294117647,0.9058823529411765,0.8690476190476191,0.8585154061624649,0.03399646391502284,30,0.5,0.5217391304347826,0.5777777777777777,0.5333333333333333,0.6086956521739131,0.5483091787439613,0.039443490378396374,30,0.5679012345679012,0.5517241379310345,0.6265060240963856,0.6233766233766234,0.6588235294117647,0.6056663098767419,0.03977335215698517,27,0.831457800511509,0.7115089514066496,0.8266666666666667,0.8729411764705882,0.8879399585921326,0.8261029107295093,0.06193288594053979,35,0.6794117647058824,0.6608695652173913,0.7183006535947711,0.7196078431372549,0.7388716356107661,0.7034122924532132,0.028730587009032204,35
2.0857457637786867,0.04710951224166275,0.025799894332885744,0.005149093193003751,normal,0.001,100,,"{'classifier__init_type': 'normal', 'classifier__learning_rate': 0.001, 'classifier__n_epochs': 100, 'classifier__penalty': None}",0.7404580152671756,0.6946564885496184,0.7769230769230769,0.7615384615384615,0.7769230769230769,0.7500998238402818,0.030779032294699995,31,0.8705882352941177,0.8,0.8823529411764706,0.9176470588235294,0.8690476190476191,0.8679271708683473,0.03821676940149904,21,0.5,0.5,0.5777777777777777,0.4666666666666667,0.6086956521739131,0.5306280193236714,0.053450651614768564,63,0.575,0.5348837209302325,0.6419753086419753,0.5753424657534246,0.6588235294117647,0.5972050049474793,0.04616535054852424,48,0.8378516624040921,0.7199488491048593,0.8274509803921568,0.8661437908496732,0.889751552795031,0.8282293671091626,0.05837867400180608,17,0.6852941176470588,0.65,0.7300653594771241,0.692156862745098,0.7388716356107661,0.6992775950960095,0.03221831258491389,47
2.8796072483062742,0.1407943479073447,0.027689599990844728,0.003812887929741479,normal,0.001,150,,"{'classifier__init_type': 'normal', 'classifier__learning_rate': 0.001, 'classifier__n_epochs': 150, 'classifier__penalty': None}",0.7480916030534351,0.6946564885496184,0.7769230769230769,0.7615384615384615,0.7846153846153846,0.7531650029359953,0.03185175988353348,24,0.8705882352941177,0.8,0.8823529411764706,0.9176470588235294,0.8809523809523809,0.8703081232492996,0.03858150681309824,12,0.5217391304347826,0.5,0.5777777777777777,0.4666666666666667,0.6086956521739131,0.534975845410628,0.05163580077774049,59,0.5925925925925926,0.5348837209302325,0.6419753086419753,0.5753424657534246,0.6666666666666666,0.6022921509169783,0.047080982743385236,38,0.8373401534526854,0.7214833759590792,0.8284967320261438,0.8619607843137255,0.8910455486542443,0.8280653188811756,0.05755229126600827,27,0.6961636828644502,0.65,0.7300653594771241,0.692156862745098,0.744824016563147,0.7026419843299638,0.03302862402979223,38
1.0137298107147217,0.030186533783438774,0.019938850402832033,0.003976008387474289,uniform,1.0,50,,"{'classifier__init_type': 'uniform', 'classifier__learning_rate': 1.0, 'classifier__n_epochs': 50, 'classifier__penalty': None}",0.6183206106870229,0.6183206106870229,0.7615384615384615,0.7615384615384615,0.7384615384615385,0.6996359365825014,0.06692628333336875,66,0.5647058823529412,0.9058823529411765,0.788235294117647,0.9058823529411765,0.8571428571428571,0.8043697478991596,0.1273528233463741,59,0.717391304347826,0.08695652173913043,0.7111111111111111,0.4888888888888889,0.5217391304347826,0.5052173913043478,0.22929968865941577,69,0.5689655172413793,0.13793103448275862,0.6736842105263158,0.5866666666666667,0.5853658536585366,0.5105226565151313,0.18987426994015305,70,0.7107416879795396,0.4907928388746803,0.8188235294117647,0.7932026143790849,0.7140269151138715,0.7055175171517882,0.11552776113622264,69,0.6410485933503836,0.4964194373401535,0.7496732026143791,0.6973856209150326,0.6894409937888198,0.6547935696017537,0.08635735259981923,68
1.9080031871795655,0.11441271644033825,0.029283905029296876,0.007567436733494702,uniform,1.0,100,,"{'classifier__init_type': 'uniform', 'classifier__learning_rate': 1.0, 'classifier__n_epochs': 100, 'classifier__penalty': None}",0.6793893129770993,0.6641221374045801,0.6538461538461539,0.7153846153846154,0.7923076923076923,0.7010099823840281,0.05018863434362125,65,0.788235294117647,0.8470588235294118,0.7411764705882353,0.6705882352941176,0.8452380952380952,0.7784593837535014,0.06676383474995183,66,0.4782608695652174,0.32608695652173914,0.4888888888888889,0.8,0.6956521739130435,0.5577777777777778,0.16877808412602857,21,0.5116279069767442,0.40540540540540543,0.4943820224719101,0.6605504587155964,0.7032967032967034,0.555052499373272,0.1105142688955208,61,0.7281329923273657,0.6728900255754475,0.6980392156862744,0.814640522875817,0.8053830227743272,0.7438171558478464,0.05688334710095611,66,0.6332480818414322,0.5865728900255754,0.6150326797385621,0.7352941176470589,0.7704451345755694,0.6681185807656396,0.07164780615102932,64
2.7553125858306884,0.07966708802191655,0.02030911445617676,0.006446943075201773,uniform,1.0,150,,"{'classifier__init_type': 'uniform', 'classifier__learning_rate': 1.0, 'classifier__n_epochs': 150, 'classifier__penalty': None}",0.7099236641221374,0.6183206106870229,0.7230769230769231,0.8,0.7384615384615385,0.7179565472695243,0.05859974081591691,59,0.8117647058823529,0.5529411764705883,0.8352941176470589,0.9294117647058824,0.8452380952380952,0.7949299719887957,0.12734795602098162,62,0.5217391304347826,0.7391304347826086,0.5111111111111111,0.5555555555555556,0.5434782608695652,0.5742028985507247,0.0839354985404699,17,0.5581395348837209,0.576271186440678,0.5609756097560976,0.6578947368421053,0.5952380952380952,0.5897038326321394,0.036558662845448155,52,0.7511508951406649,0.7043478260869565,0.7803921568627451,0.8078431372549019,0.7489648033126294,0.7585397637315795,0.03461615541361067,62,0.6667519181585677,0.6460358056265985,0.673202614379085,0.742483660130719,0.6943581780538302,0.6845664352697601,0.032806664043096664,58
0.978304100036621,0.06661516399616828,0.02477540969848633,0.005704002886508488,uniform,0.5,50,,"{'classifier__init_type': 'uniform', 'classifier__learning_rate': 0.5, 'classifier__n_epochs': 50, 'classifier__penalty': None}",0.6717557251908397,0.6641221374045801,0.7769230769230769,0.7923076923076923,0.7615384615384615,0.7333294186729301,0.054324140875930634,53,0.611764705882353,0.9882352941176471,0.8117647058823529,0.8941176470588236,0.9166666666666666,0.8445098039215686,0.12928038488566657,41,0.782608695652174,0.06521739130434782,0.7111111111111111,0.6,0.4782608695652174,0.52743961352657,0.25305312515620526,66,0.6260869565217392,0.12,0.6881720430107527,0.6666666666666666,0.5866666666666667,0.537518466573165,0.21163995397591442,64,0.7662404092071611,0.5997442455242966,0.8311111111111111,0.8358169934640522,0.7572463768115942,0.758031827223643,0.08545650366275284,63,0.6971867007672634,0.5267263427109975,0.761437908496732,0.7470588235294118,0.697463768115942,0.6859747087240693,0.08371823329550257,57
1.9411279201507567,0.10155002979158369,0.02417159080505371,0.0014665348395191445,uniform,0.5,100,,"{'classifier__init_type': 'uniform', 'classifier__learning_rate': 0.5, 'classifier__n_epochs': 100, 'classifier__penalty': None}",0.6946564885496184,0.6946564885496184,0.6846153846153846,0.7307692307692307,0.8076923076923077,0.7224779800352319,0.04541337553117294,57,0.7764705882352941,0.8941176470588236,0.8,0.7058823529411765,0.8333333333333334,0.8019607843137255,0.062228263561275726,60,0.5434782608695652,0.32608695652173914,0.4666666666666667,0.7777777777777778,0.7608695652173914,0.574975845410628,0.17340920037870186,15,0.5555555555555556,0.42857142857142855,0.5060240963855421,0.6666666666666666,0.7368421052631579,0.5787319704884701,0.11054690861797185,56,0.751150895140665,0.689769820971867,0.7573856209150327,0.8311111111111111,0.8561076604554865,0.7771050217188324,0.05974610173527684,57,0.6599744245524297,0.6101023017902814,0.6333333333333333,0.7418300653594772,0.7971014492753623,0.6884683148621769,0.07020204311346454,55
2.9367547035217285,0.123362071367996,0.029589414596557617,0.005394943204678518,uniform,0.5,150,,"{'classifier__init_type': 'uniform', 'classifier__learning_rate': 0.5, 'classifier__n_epochs': 150, 'classifier__penalty': None}",0.7557251908396947,0.6030534351145038,0.7384615384615385,0.7769230769230769,0.7692307692307693,0.7286788021139167,0.06415748435872187,55,0.8470588235294118,0.5882352941176471,0.8,0.9294117647058824,0.8690476190476191,0.8067507002801122,0.11691530464270965,57,0.5869565217391305,0.6304347826086957,0.6222222222222222,0.4888888888888889,0.5869565217391305,0.5830917874396135,0.0503519782245456,12,0.627906976744186,0.5272727272727272,0.6222222222222222,0.6027397260273972,0.6428571428571429,0.6045997590247351,0.04074391877813442,34,0.789769820971867,0.7115089514066496,0.8060130718954248,0.846797385620915,0.7994306418219461,0.7907039743433606,0.044112851375446,54,0.7170076726342711,0.6093350383631714,0.7111111111111111,0.7091503267973857,0.7280020703933747,0.6949212438598629,0.04329371454224079,52
1.0632884979248047,0.04917454971099425,0.022222518920898438,0.005712930282885984,uniform,0.2,50,,"{'classifier__init_type': 'uniform', 'classifier__learning_rate': 0.2, 'classifier__n_epochs': 50, 'classifier__penalty': None}",0.7709923664122137,0.7251908396946565,0.7615384615384615,0.7923076923076923,0.7384615384615385,0.7576981796829124,0.023732159818441772,9,0.7764705882352941,0.9764705882352941,0.8470588235294118,0.8823529411764706,0.9404761904761905,0.8845658263305323,0.0702405960942326,1,0.7608695652173914,0.2608695652173913,0.6,0.6222222222222222,0.3695652173913043,0.5227053140096618,0.1814442848886454,68,0.7,0.4,0.6352941176470588,0.6746987951807228,0.5,0.5819985825655564,0.11419748648170024,54,0.8217391304347825,0.7304347826086955,0.8250980392156864,0.8698039215686275,0.8366977225672877,0.816754719279016,0.04638432505194755,47,0.7686700767263428,0.6186700767263427,0.7235294117647059,0.7522875816993464,0.6550207039337475,0.7036355701700969,0.05757570754678887,34
2.1170137405395506,0.04018598863095046,0.020507192611694335,0.006757736920368287,uniform,0.2,100,,"{'classifier__init_type': 'uniform', 'classifier__learning_rate': 0.2, 'classifier__n_epochs': 100, 'classifier__penalty': None}",0.7404580152671756,0.6793893129770993,0.7384615384615385,0.7384615384615385,0.823076923076923,0.743969465648855,0.04582922811356402,47,0.8235294117647058,0.8117647058823529,0.8588235294117647,0.7411764705882353,0.8333333333333334,0.8137254901960784,0.039450278713597756,54,0.5869565217391305,0.43478260869565216,0.5111111111111111,0.7333333333333333,0.8043478260869565,0.6141062801932368,0.13704672880608956,5,0.6136363636363636,0.4878048780487805,0.575,0.66,0.7628865979381443,0.6198655679246576,0.0911674674934967,9,0.8048593350383632,0.7184143222506393,0.7986928104575163,0.846797385620915,0.8894927536231884,0.8116513213981245,0.05692403094605815,49,0.7052429667519182,0.6232736572890025,0.6849673202614379,0.7372549019607844,0.818840579710145,0.7139158851946577,0.0643166442353546,9
3.1985326290130613,0.13670285051201392,0.02983407974243164,0.003695375485092475,uniform,0.2,150,,"{'classifier__init_type': 'uniform', 'classifier__learning_rate': 0.2, 'classifier__n_epochs': 150, 'classifier__penalty': None}",0.7633587786259542,0.6106870229007634,0.7692307692307693,0.7692307692307693,0.7846153846153846,0.7394245449207281,0.06475373522268257,50,0.8588235294117647,0.611764705882353,0.8235294117647058,0.9294117647058824,0.8690476190476191,0.8185154061624651,0.10885517350648746,53,0.5869565217391305,0.6086956521739131,0.6666666666666666,0.4666666666666667,0.6304347826086957,0.5918840579710145,0.06791892568561869,10,0.6352941176470588,0.5233644859813084,0.6666666666666666,0.5833333333333334,0.6744186046511628,0.616615441655906,0.05656617926418172,12,0.8153452685421996,0.7163682864450128,0.8303267973856209,0.8528104575163399,0.8716356107660455,0.8172972841310437,0.05398903662745496,46,0.7228900255754476,0.610230179028133,0.7450980392156863,0.6980392156862745,0.7497412008281574,0.7051997320667398,0.05091022065634346,26
1.1040842056274414,0.06109750590068624,0.03128962516784668,0.005243312558841851,uniform,0.1,50,,"{'classifier__init_type': 'uniform', 'classifier__learning_rate': 0.1, 'classifier__n_epochs': 50, 'classifier__penalty': None}",0.7633587786259542,0.7251908396946565,0.7615384615384615,0.7846153846153846,0.7692307692307693,0.7607868467410451,0.01956197597540779,3,0.8,0.9058823529411765,0.8823529411764706,0.8941176470588236,0.9404761904761905,0.8845658263305323,0.04653574163702266,1,0.6956521739130435,0.391304347826087,0.5333333333333333,0.5777777777777777,0.45652173913043476,0.5309178743961352,0.10427444190014978,62,0.6736842105263158,0.5,0.6075949367088608,0.65,0.5833333333333334,0.602922496113702,0.06036906294552333,37,0.8319693094629156,0.7309462915601024,0.8271895424836602,0.8742483660130719,0.8778467908902692,0.8284400600820039,0.053025428310374365,12,0.7478260869565218,0.6485933503836318,0.7078431372549019,0.7359477124183007,0.6984989648033126,0.7077418503633337,0.03460145349513906,13
2.1040704250335693,0.05750451066226327,0.030300426483154296,0.002694857897353528,uniform,0.1,100,,"{'classifier__init_type': 'uniform', 'classifier__learning_rate': 0.1, 'classifier__n_epochs': 100, 'classifier__penalty': None}",0.7557251908396947,0.6946564885496184,0.7461538461538462,0.7692307692307693,0.823076923076923,0.7577686435701703,0.041276567265734726,8,0.8588235294117647,0.8,0.8823529411764706,0.8117647058823529,0.8333333333333334,0.8372549019607842,0.030173151469288357,48,0.5652173913043478,0.5,0.4888888888888889,0.6888888888888889,0.8043478260869565,0.6094685990338164,0.12063706365464212,6,0.6190476190476191,0.5348837209302325,0.5714285714285714,0.6739130434782609,0.7628865979381443,0.6324319105645657,0.08019389726360646,4,0.829923273657289,0.7227621483375959,0.8128104575163398,0.8551633986928104,0.8944099378881988,0.8230138432184468,0.05715461116401678,40,0.7120204603580562,0.65,0.6856209150326797,0.7503267973856209,0.818840579710145,0.7233617504973003,0.057927994167178115,3
2.906020498275757,0.05534913871104941,0.02274327278137207,0.007503242941868962,uniform,0.1,150,,"{'classifier__init_type': 'uniform', 'classifier__learning_rate': 0.1, 'classifier__n_epochs': 150, 'classifier__penalty': None}",0.7633587786259542,0.6259541984732825,0.7923076923076923,0.7615384615384615,0.7846153846153846,0.745554903112155,0.06097265811200841,44,0.8588235294117647,0.6588235294117647,0.8705882352941177,0.9176470588235294,0.8809523809523809,0.8373669467787114,0.09141813528618535,47,0.5869565217391305,0.5652173913043478,0.6444444444444445,0.4666666666666667,0.6086956521739131,0.5743961352657005,0.059884678395459176,16,0.6352941176470588,0.5148514851485149,0.6823529411764706,0.5753424657534246,0.6666666666666666,0.6149015352784271,0.06200017889265753,13,0.8253196930946292,0.7186700767263426,0.8345098039215686,0.862483660130719,0.8884575569358178,0.8258881581618155,0.05800781558055624,38,0.7228900255754476,0.6120204603580562,0.757516339869281,0.692156862745098,0.744824016563147,0.705881541022206,0.051904193775233025,21
1.0671735286712647,0.06803839290461794,0.02292642593383789,0.004449424189340713,uniform,0.05,50,,"{'classifier__init_type': 'uniform', 'classifier__learning_rate': 0.05, 'classifier__n_epochs': 50, 'classifier__penalty': None}",0.7633587786259542,0.7175572519083969,0.7692307692307693,0.7692307692307693,0.8,0.763875513799178,0.026487674207339485,1,0.8352941176470589,0.8352941176470589,0.8823529411764706,0.8941176470588236,0.9285714285714286,0.875126050420168,0.03589563448527729,3,0.6304347826086957,0.5,0.5555555555555556,0.5333333333333333,0.5652173913043478,0.5569082125603865,0.04306123134056667,23,0.651685393258427,0.5542168674698795,0.625,0.6153846153846154,0.6666666666666666,0.6225907085559177,0.03878635164651025,7,0.8335038363171355,0.726854219948849,0.8295424836601308,0.8737254901960785,0.8905279503105591,0.8308307960865505,0.05696251097607384,1,0.7328644501278773,0.6676470588235295,0.7189542483660131,0.7137254901960784,0.7468944099378882,0.7160171314902773,0.0267984353078966,8
1.9575222492218018,0.09422450831248956,0.026221609115600585,0.005463079817512876,uniform,0.05,100,,"{'classifier__init_type': 'uniform', 'classifier__learning_rate': 0.05, 'classifier__n_epochs': 100, 'classifier__penalty': None}",0.7404580152671756,0.6793893129770993,0.7615384615384615,0.7692307692307693,0.823076923076923,0.7547386964180858,0.04649266101665033,14,0.8588235294117647,0.7647058823529411,0.8823529411764706,0.8470588235294118,0.8571428571428571,0.8420168067226891,0.040350137625338164,44,0.5217391304347826,0.5217391304347826,0.5333333333333333,0.6222222222222222,0.7608695652173914,0.5919806763285024,0.0924610926472725,9,0.5853658536585366,0.5333333333333333,0.6075949367088608,0.6511627906976745,0.7526881720430108,0.6260290172882833,0.07383772216968883,6,0.8340153452685422,0.7250639386189258,0.8198692810457515,0.8616993464052287,0.8967391304347827,0.8274774083546461,0.05754558921931675,32,0.6902813299232736,0.6432225063938619,0.7078431372549019,0.734640522875817,0.8090062111801242,0.7169987415255956,0.0548036220772684,7
2.856384801864624,0.11196998061431022,0.024424982070922852,0.0034113696847962146,uniform,0.05,150,,"{'classifier__init_type': 'uniform', 'classifier__learning_rate': 0.05, 'classifier__n_epochs': 150, 'classifier__penalty': None}",0.7557251908396947,0.648854961832061,0.7692307692307693,0.7615384615384615,0.7769230769230769,0.7424544920728127,0.04734180764955241,49,0.8588235294117647,0.7058823529411765,0.8823529411764706,0.9176470588235294,0.8690476190476191,0.846750700280112,0.07318553174409406,40,0.5652173913043478,0.5434782608695652,0.5555555555555556,0.4666666666666667,0.6086956521739131,0.5479227053140097,0.04620176303871782,36,0.6190476190476191,0.5208333333333334,0.625,0.5753424657534246,0.6588235294117647,0.5998093895092284,0.047588218811542314,43,0.8337595907928388,0.719693094629156,0.8287581699346405,0.8658823529411764,0.8923395445134576,0.8280865505622538,0.05888759743158083,24,0.7120204603580562,0.6246803069053708,0.7189542483660131,0.692156862745098,0.7388716356107661,0.6973367027970608,0.03927814726615484,51
1.0247719287872314,0.09082650965910093,0.024916744232177733,0.004072915327965375,uniform,0.01,50,,"{'classifier__init_type': 'uniform', 'classifier__learning_rate': 0.01, 'classifier__n_epochs': 50, 'classifier__penalty': None}",0.7404580152671756,0.6946564885496184,0.7769230769230769,0.7615384615384615,0.8,0.7547152084556664,0.035779256403895565,17,0.8588235294117647,0.788235294117647,0.8823529411764706,0.9058823529411765,0.8928571428571429,0.8656302521008403,0.0416593195509064,24,0.5217391304347826,0.5217391304347826,0.5777777777777777,0.4888888888888889,0.6304347826086957,0.5481159420289855,0.050110941355731985,33,0.5853658536585366,0.5454545454545454,0.6419753086419753,0.5866666666666667,0.6904761904761905,0.6099877129795829,0.05062852586112248,17,0.8368286445012788,0.7217391304347827,0.829281045751634,0.8661437908496732,0.8915631469979296,0.8291111517070597,0.058068937632416495,4,0.6902813299232736,0.6549872122762148,0.7300653594771241,0.6973856209150326,0.7616459627329193,0.7068730970649129,0.036319118464426745,19
1.9114814281463623,0.10783109223722073,0.02533860206604004,0.00565531849933703,uniform,0.01,100,,"{'classifier__init_type': 'uniform', 'classifier__learning_rate': 0.01, 'classifier__n_epochs': 100, 'classifier__penalty': None}",0.7404580152671756,0.6946564885496184,0.7769230769230769,0.7384615384615385,0.7923076923076923,0.7485613623018204,0.03403390760476879,38,0.8705882352941177,0.8,0.8823529411764706,0.8823529411764706,0.8690476190476191,0.8608683473389356,0.030949985331326917,27,0.5,0.5,0.5777777777777777,0.4666666666666667,0.6521739130434783,0.5393236714975845,0.06720957958189422,50,0.575,0.5348837209302325,0.6419753086419753,0.5526315789473685,0.6896551724137931,0.5988291561866739,0.058141240462981636,45,0.8365728900255754,0.7225063938618926,0.8300653594771241,0.8619607843137255,0.8923395445134575,0.828688994438355,0.05744075100815557,9,0.6852941176470588,0.65,0.7300653594771241,0.6745098039215687,0.7606107660455487,0.70009600941826,0.03985864469339213,46
2.972631597518921,0.23900784489175014,0.024012994766235352,0.006024295477947063,uniform,0.01,150,,"{'classifier__init_type': 'uniform', 'classifier__learning_rate': 0.01, 'classifier__n_epochs': 150, 'classifier__penalty': None}",0.732824427480916,0.7022900763358778,0.7769230769230769,0.7615384615384615,0.8076923076923077,0.756253669994128,0.03622729826515297,10,0.8588235294117647,0.8,0.8823529411764706,0.9176470588235294,0.8928571428571429,0.8703361344537814,0.03992401511067903,6,0.5,0.5217391304347826,0.5777777777777777,0.4666666666666667,0.6521739130434783,0.543671497584541,0.06519813635956505,41,0.5679012345679012,0.5517241379310345,0.6419753086419753,0.5753424657534246,0.7058823529411765,0.6085650999671024,0.057576172343434553,20,0.8355498721227621,0.7235294117647059,0.8282352941176471,0.8630065359477124,0.8910455486542443,0.8282733325214142,0.056870000790323706,16,0.6794117647058824,0.6608695652173913,0.7300653594771241,0.692156862745098,0.7725155279503106,0.7070038160191613,0.039834009592434605,15
1.010016107559204,0.08043467391672646,0.025286197662353516,0.007091284929269074,uniform,0.005,50,,"{'classifier__init_type': 'uniform', 'classifier__learning_rate': 0.005, 'classifier__n_epochs': 50, 'classifier__penalty': None}",0.7404580152671756,0.7022900763358778,0.7769230769230769,0.7615384615384615,0.7923076923076923,0.7547034644744568,0.03131965003779024,21,0.8588235294117647,0.8,0.8823529411764706,0.9176470588235294,0.8928571428571429,0.8703361344537814,0.03992401511067903,6,0.5217391304347826,0.5217391304347826,0.5777777777777777,0.4666666666666667,0.6086956521739131,0.5393236714975845,0.049373398733617783,50,0.5853658536585366,0.5517241379310345,0.6419753086419753,0.5753424657534246,0.6746987951807228,0.6058213122331387,0.04544251148259392,25,0.8370843989769822,0.7207161125319693,0.8290196078431373,0.862483660130719,0.8913043478260869,0.8281216254617789,0.0579480590203196,23,0.6902813299232736,0.6608695652173913,0.7300653594771241,0.692156862745098,0.7507763975155279,0.704829902975683,0.03178895043157775,27
2.0709678649902346,0.054550123128920096,0.025004148483276367,0.007691525344460474,uniform,0.005,100,,"{'classifier__init_type': 'uniform', 'classifier__learning_rate': 0.005, 'classifier__n_epochs': 100, 'classifier__penalty': None}",0.7404580152671756,0.6946564885496184,0.7769230769230769,0.7615384615384615,0.8,0.7547152084556664,0.035779256403895565,17,0.8705882352941177,0.8,0.8823529411764706,0.9176470588235294,0.8809523809523809,0.8703081232492996,0.03858150681309824,12,0.5,0.5,0.5777777777777777,0.4666666666666667,0.6521739130434783,0.5393236714975845,0.06720957958189422,50,0.575,0.5348837209302325,0.6419753086419753,0.5753424657534246,0.6976744186046512,0.6049751827860567,0.05770889040968509,30,0.8365728900255754,0.7219948849104859,0.8300653594771241,0.862483660130719,0.8915631469979296,0.8285359883083668,0.05752009150420277,10,0.6852941176470588,0.65,0.7300653594771241,0.692156862745098,0.7665631469979296,0.7048158973734421,0.039990978530105574,30
3.174019527435303,0.1351287806327406,0.029067182540893556,0.007534892668677892,uniform,0.005,150,,"{'classifier__init_type': 'uniform', 'classifier__learning_rate': 0.005, 'classifier__n_epochs': 150, 'classifier__penalty': None}",0.732824427480916,0.7022900763358778,0.7769230769230769,0.7615384615384615,0.8076923076923077,0.756253669994128,0.03622729826515297,10,0.8588235294117647,0.8,0.8823529411764706,0.9176470588235294,0.8928571428571429,0.8703361344537814,0.03992401511067903,6,0.5,0.5217391304347826,0.5777777777777777,0.4666666666666667,0.6521739130434783,0.543671497584541,0.06519813635956505,41,0.5679012345679012,0.5517241379310345,0.6419753086419753,0.5753424657534246,0.7058823529411765,0.6085650999671024,0.057576172343434553,20,0.8360613810741688,0.7225063938618926,0.8295424836601306,0.8630065359477124,0.8910455486542443,0.8284324686396298,0.057263478195510815,14,0.6794117647058824,0.6608695652173913,0.7300653594771241,0.692156862745098,0.7725155279503106,0.7070038160191613,0.039834009592434605,15
1.1441980361938477,0.05512397491191314,0.023191547393798827,0.004617416071514458,uniform,0.001,50,,"{'classifier__init_type': 'uniform', 'classifier__learning_rate': 0.001, 'classifier__n_epochs': 50, 'classifier__penalty': None}",0.732824427480916,0.7022900763358778,0.7615384615384615,0.7769230769230769,0.7769230769230769,0.7500998238402818,0.0288236969179376,31,0.8588235294117647,0.8,0.8588235294117647,0.9058823529411765,0.8690476190476191,0.8585154061624649,0.03399646391502284,30,0.5,0.5217391304347826,0.5777777777777777,0.5333333333333333,0.6086956521739131,0.5483091787439613,0.039443490378396374,30,0.5679012345679012,0.5517241379310345,0.6265060240963856,0.6233766233766234,0.6588235294117647,0.6056663098767419,0.03977335215698517,27,0.8312020460358056,0.710997442455243,0.8261437908496732,0.8737254901960785,0.8876811594202899,0.8259499857914181,0.06218511965958438,36,0.6794117647058824,0.6608695652173913,0.7183006535947711,0.7196078431372549,0.7388716356107661,0.7034122924532132,0.028730587009032204,35
2.1219242572784425,0.06445266786532527,0.028184223175048827,0.007712648154062408,uniform,0.001,100,,"{'classifier__init_type': 'uniform', 'classifier__learning_rate': 0.001, 'classifier__n_epochs': 100, 'classifier__penalty': None}",0.7404580152671756,0.6946564885496184,0.7769230769230769,0.7615384615384615,0.7769230769230769,0.7500998238402818,0.030779032294699995,31,0.8705882352941177,0.8,0.8823529411764706,0.9176470588235294,0.8690476190476191,0.8679271708683473,0.03821676940149904,21,0.5,0.5,0.5777777777777777,0.4666666666666667,0.6086956521739131,0.5306280193236714,0.053450651614768564,63,0.575,0.5348837209302325,0.6419753086419753,0.5753424657534246,0.6588235294117647,0.5972050049474793,0.04616535054852424,48,0.8375959079283888,0.7199488491048593,0.8274509803921568,0.8656209150326797,0.889751552795031,0.8280736410506233,0.05830264914519115,25,0.6852941176470588,0.65,0.7300653594771241,0.692156862745098,0.7388716356107661,0.6992775950960095,0.03221831258491389,47
2.5767927169799805,0.15153444500499427,0.019210052490234376,0.0016889930400355126,uniform,0.001,150,,"{'classifier__init_type': 'uniform', 'classifier__learning_rate': 0.001, 'classifier__n_epochs': 150, 'classifier__penalty': None}",0.7480916030534351,0.6946564885496184,0.7769230769230769,0.7615384615384615,0.7846153846153846,0.7531650029359953,0.03185175988353348,24,0.8705882352941177,0.8,0.8823529411764706,0.9176470588235294,0.8809523809523809,0.8703081232492996,0.03858150681309824,12,0.5217391304347826,0.5,0.5777777777777777,0.4666666666666667,0.6086956521739131,0.534975845410628,0.05163580077774049,59,0.5925925925925926,0.5348837209302325,0.6419753086419753,0.5753424657534246,0.6666666666666666,0.6022921509169783,0.047080982743385236,38,0.8373401534526854,0.7214833759590792,0.8284967320261438,0.8619607843137255,0.8907867494824017,0.8280135590468071,0.05749571509048456,28,0.6961636828644502,0.65,0.7300653594771241,0.692156862745098,0.744824016563147,0.7026419843299638,0.03302862402979223,38
